Epoch,Reconstruction Loss,KL Divergence,Perceptual Loss,Total Loss
0,362426.34375,25.89767837524414,169220.359375,362452.24142837524
2,362289.21875,26.452392578125,169096.09375,362315.6711425781
3,362236.9375,26.984432220458984,168994.0625,362263.92193222046
5,362166.9375,28.535934448242188,168713.890625,362195.47343444824
